<?xml version="1.0" encoding="UTF-8"?>
<project-private xmlns="http://www.netbeans.org/ns/project-private/1">
    <editor-bookmarks xmlns="http://www.netbeans.org/ns/editor-bookmarks/2" lastBookmarkId="0"/>
    <open-files xmlns="http://www.netbeans.org/ns/projectui-open-files/2">
        <group>
            <file>file:/L:/PROJECTX/carShowRoom/src/tools/ConnectDB.java</file>
            <file>file:/L:/PROJECTX/carShowRoom/src/carshowroom/SignUpController.java</file>
            <file>file:/L:/PROJECTX/carShowRoom/src/carshowroom/CarShowRoom.java</file>
            <file>file:/L:/PROJECTX/carShowRoom/src/carshowroom/Getdata.java</file>
            <file>file:/L:/PROJECTX/carShowRoom/build/classes/carshowroom/Dashboard.fxml</file>
            <file>file:/L:/PROJECTX/carShowRoom/src/carshowroom/Cardata.java</file>
            <file>file:/L:/PROJECTX/carShowRoom/src/carshowroom/DashboardController.java</file>
            <file>file:/L:/PROJECTX/carShowRoom/src/carshowroom/Customer.java</file>
            <file>file:/L:/PROJECTX/carShowRoom/src/carshowroom/FXMLDocumentController.java</file>
        </group>
    </open-files>
</project-private>
